PC1,PC2,PC3,PC4,PC5,PC6,PC7,PC8,PC9,PC10,PC11,num
0.6752050454407394,0.34492970902350184,1.2894846699785285,-0.08739982254361642,-0.43810151185041246,1.1173629433820698,-0.14471473766167453,-0.38442819080496415,0.3850483373923953,-1.030931636488444,-0.05224365505161632,0.0
3.544618825691837,0.5060391871984171,-0.222566131916525,-0.6536088487544887,0.7131356534848602,-1.1708228514261931,0.3914454923716231,-0.42865386407238015,0.08607005701178438,-0.12567715169580912,0.053414296064086486,2.0
2.3869266934497033,-1.2370645606012989,-0.5784113919716835,-0.018786495347128618,0.46506437852668225,0.5768701475868614,-0.7051469168510379,-0.060905352666697915,0.4076388482143435,0.18871034002941817,0.09207363223526038,1.0
-1.3441819463450537,-0.26247691267706663,1.2584228537325708,2.7436709344271737,0.31373958471862917,1.2218510554202762,0.7023427440489898,0.22680848157719682,-0.18447284176252476,-0.3864144474966258,-0.3774139120094299,0.0
-1.7558046814022552,-0.2966024713326545,0.8810918426090966,0.7648606225201369,0.24525780454188753,0.18578614356069637,0.27977545848367535,-1.0131604921320605,-0.1281251846215964,-0.3624031321122331,0.48080199040008303,0.0
-1.4172388423390352,0.24927560861771594,-0.07503588258841498,-0.10512470643170754,0.1680639040844125,1.034195351157166,-0.5097163081477717,0.13047200763341202,-0.48084640286246383,-0.44026707923412395,0.657059766605872,0.0
1.9442543728074102,0.36072676420330696,0.37938949296710067,1.1750270380778245,1.0500564832049541,1.2872196074037952,-0.04261214298887972,-1.134081796136536,-0.480512160722835,-0.4453112713393501,-0.4521919307426272,3.0
-0.37693659084451303,1.412964398372413,-1.47125877342253,0.7212067976445982,-0.9903386159619508,0.17295792774762117,-0.6487443634775288,-0.1464994213083521,-0.8836576732059074,0.14654400442191168,-0.7030952143919857,0.0
1.0299573544086424,-0.023714439122694858,-0.2815189315233173,-0.13332045435791332,0.07988384474997262,0.27373214518798217,-0.769100980425602,0.014229738191658153,0.502920277023084,0.3035660123851946,0.34930294050975064,2.0
0.5373120531073676,-0.7800047476368558,1.6634918529099192,1.1031006957537561,-0.23719791334976129,0.5153702653700519,-0.9684884970559354,-0.05028198394615743,0.37270233198594027,-0.621795419941795,-0.612361388408357,1.0
-0.3675585353575147,-0.39996018408668976,0.8709779312757877,-1.008763810118584,-0.3675455183178785,-0.2234470928902234,-0.44121470097710347,-0.15331534379509557,-0.3352019548151076,0.4640284764799714,0.2397489765801828,0.0
-0.014771194741721921,1.1111203606277047,0.0828953295341323,0.32567054140282026,-0.814047203690028,0.29227845788173046,0.3062906116975758,-0.7736167640455286,0.005223501888968363,0.1262325883580448,1.0216745805287288,0.0
0.3131547424152123,0.04121479441664083,-0.36338895365030954,-0.3897459626905038,0.027123579803150288,-0.20467033018853836,0.5819797736899525,-0.01016925892769699,1.0211335787997067,0.18778543514427776,-0.20207126716065135,2.0
-2.0264392104285247,0.2868926657006,-0.4306546506799048,0.5021227560328594,0.102864337801468,-0.2562953250075301,-0.3234867006605294,0.7572532916103644,-0.27022487148354546,-0.41048436523600235,0.7173298045866414,0.0
-0.5927966016228459,0.9410372509834298,2.4050204813384157,-0.6553415824489085,0.2738611099700834,-0.48132559639034894,0.35783581623136246,1.1366656074921773,0.2149060641247179,-0.024451297894353935,-0.3314843003482298,0.0
-0.7573681941939048,0.048133504987405956,2.0499358217310024,-0.4934160341230872,0.4226020819666989,1.0900607761368843,0.12566288905046819,0.3500438769009513,-0.07721935797113721,0.03887587097057493,-0.2931411506814614,0.0
-1.5898098243704437,-0.6315376683527034,-0.24189448890726364,0.5581140773461897,0.04404109749232909,0.6585407260929874,-0.43888236884535603,0.6292107997899065,-0.32760308747007005,-0.7157676263950141,0.6093949249509838,1.0
-0.4636017118189093,0.26340023384907624,0.7143394909568231,0.10471327606820349,-0.24031199459747885,0.12672643732399486,-0.5003736503003543,-0.0025668072803083086,-0.5839119281681844,-0.23800807760401857,-0.22512970698522214,0.0
-0.9773028233974954,0.4218631068228732,-0.3428035400774079,-0.13172921035047716,-0.8612654048419417,-0.2787549652644931,1.195126035635779,0.17525825464030828,-0.3741694552490471,-0.09600252482805796,-0.5020575262963821,0.0
-1.4576281880347868,0.6472459050795134,0.02233780411002994,0.355898749802376,-0.03198676357881423,0.1712012403191569,-0.07120248959574016,0.18442579601563383,-0.5123710922148239,-0.562462168866892,0.6731100657255908,0.0
0.2391693987352786,-1.0910520720837682,-0.2719341795676995,-0.39624924718929344,-0.804509524365555,1.2806888363611146,-0.6165238882463188,-0.3802976987835857,0.6343434209213349,0.14552493687509166,0.29119781126998195,0.0
-0.11969276243903734,1.629315422179483,0.6370992191985521,-0.039643835710771264,-0.3942919958585762,0.30727085037424423,0.11447143933038828,-0.5827709013357723,0.11660129367137118,-0.2682759416785935,-0.18897457296654596,0.0
-0.192828965524443,0.3472085270249156,-0.45135867539145114,0.5905457164785135,-0.6171432859999467,1.0573237161833948,-0.232266097754103,-0.40133734281490285,0.40064183816012744,-0.18503341218741937,1.2038919516463868,1.0
0.9344230479183495,-0.24112157545625046,0.5585478462010312,0.9715132639421658,1.7477481525841243,1.509431794745754,0.1778072713660196,0.30633217265992807,0.684164951225973,-0.2116939653636319,-0.16032106263490958,3.0
1.9563795186321413,-1.3330137935947501,0.09984310275728524,0.10767447926703369,0.73979232963401,-0.03144552403234063,-0.496086911815782,-0.12167513130976002,0.4033399602602191,0.2470040744866377,0.07974192721594603,4.0
-0.9455729930394521,-0.6085760362985272,0.21914110095513792,0.31585299546808343,-0.3981491618701375,0.939796852696539,0.8348946831812366,-0.10017717268181897,-0.18854700869144891,0.8385688335408141,-0.03817546842620845,0.0
-1.120082224029323,1.8004425561669692,-1.3781984827157048,0.08364638874867122,-0.5875977211359886,0.8328651038938433,0.35856278905723815,0.3099021384093067,-0.33194976260907094,0.22066539923905554,-0.5094153168741817,0.0
1.588560132789143,-0.13047772322892598,1.326212689500423,-0.6095573648482973,-1.3647744592772868,0.9435440670857591,0.6527832729780908,-0.22525402293427918,-0.9270263196052936,-0.7767487915727949,-0.12217408454768594,0.0
-0.9688416675250078,0.4671249566910485,1.3006468718399569,1.0938117599622408,0.06416197293926576,-0.44416447900991834,-0.20965805748918587,-0.0669305474051354,-0.6205837994396604,-0.18111891868421107,-0.21945761512142725,0.0
-0.2199752361692713,-2.9996166944700824,0.27552091079680163,0.715380827020504,-1.022335888989195,-0.8329828870326839,-0.154035514578582,-0.19837764801084498,0.5997796843805786,0.026567517596011225,0.036494867128621544,3.0
1.4716469714120113,0.4901603404557778,0.068476104943216,-0.7553735785755608,1.0605326496348184,1.107706817313895,0.3268725697457362,-0.25467885327695244,-0.9158958209001028,-0.09502265859768316,-0.0750072318542789,0.0
0.721515991242762,-0.6509816587061403,-0.7086267641570765,0.013638706540648526,1.399172927649942,0.3347017343551518,-0.9151884302001468,0.5931370670694044,-0.33087791231869074,-0.07909197979745203,-0.5909992220822595,2.0
-0.22549080485858333,2.112518419154965,-0.5994128269711771,-0.5210730764803161,-0.7634451959840517,0.4891861363195652,0.2240037285580937,0.8171572733576812,-0.03346717691282597,-0.2409221859935347,-0.27115771552105866,1.0
-0.318630220367915,0.18628197784904724,0.3211580373046592,-0.4304541335496358,-0.29756053623652245,0.06130631946296167,-0.9921068675849113,0.5779707736519254,-0.14732219735874663,0.6982811011491583,0.2987910494921997,0.0
-1.9358353818930063,0.18042636832483228,0.4262653792151707,0.4451108727352193,0.22032170217619082,-0.0247606505239627,0.13705505699825488,0.5059787008206004,0.03800583766811827,0.12870113191652827,-0.629280011548603,0.0
-1.9486915356052106,0.33657396812286294,0.7538170447508908,0.29458994077219747,0.36226405414321716,-0.7715766851807957,-0.45102037847428733,-0.03850525647413841,-0.49624715754322296,0.004789781714648417,-0.29397798616294035,0.0
0.1888739967237007,-2.519351157318415,0.7203215950823011,0.9039396825885482,-0.9640167946712267,-0.5733325776474758,-0.25207429177211105,-0.1915862890790385,0.5466404885709529,0.06882894763560571,0.06744240600561108,3.0
1.5338761478953766,0.19864454597510978,-0.012845007378248147,-0.5123122123274274,-0.7632953472163165,-1.509988648421976,0.13464753115106426,-0.47216078352365154,0.28712359274994526,-0.09708467140270141,0.04276765550693509,1.0
1.272715486195068,0.6743533551960018,-1.2240747691421427,0.9689907415934302,-0.7483307219680332,-0.893325494343499,-0.2682997631882642,0.7907150651544551,-0.2930870104097014,0.27677125107510164,0.09137260737363395,3.0
0.5357502431293846,0.44039253702060316,0.9047236180731943,-0.7432464632218235,-0.8799920959958211,0.057781319387240127,0.49711340210284005,0.6628162869863381,0.2445695475624604,0.36699448768284587,-0.19692208800824867,0.0
2.7487343063017926,-0.22370346488886383,-0.12305232717009851,-1.2194631802361715,1.1920271083740135,-0.9119947230422434,0.4222724952867273,-0.4602807602325253,-0.028314759491372743,0.39433689661106647,0.16109741140295486,4.0
-1.5324876883674325,-0.41282511756659024,1.4810088257068053,1.0652046265414408,0.4271784579478629,-0.3367022184724788,-0.43148717752971977,0.6612686315285169,-0.1799599637868623,0.03893714606655241,-0.13581949067436966,0.0
1.2757556830365788,2.4312595035654962,-0.07916376089479271,-1.103257798358715,1.1143327357223167,0.312961569785871,0.218681142658459,-0.09374821403913,-1.084506658904527,-0.2198238320620372,0.5322792503404876,0.0
-0.12255243269839615,0.40711101289575985,1.5324026800527777,-0.47360855433879456,-0.10222406234151707,0.8453641201449911,0.4422150477098495,0.5297308755581568,0.022924630143628333,-0.2774114621553908,-0.39176683700794557,0.0
-0.4971775066690574,1.9081874344963348,-0.9948156449698614,-0.08165204300772476,-0.6219599713443996,0.25417647210373123,-0.7403573385456744,-0.7244327833473359,-0.10833124894123503,0.020689764054864473,-0.4232134026176739,1.0
0.23988021167856927,-0.757582136665648,-0.27905613148186614,0.6939608171432562,0.5564541522201595,1.5874781981394994,0.007826421355471735,0.33394469666753834,1.0309053814824418,0.4581651118113948,0.275682799271619,4.0
-0.9929633594657847,-1.789955720090922,-0.14482145884510642,-0.9852524265402003,-0.7121168713492517,0.3074144785613192,0.8511991641373955,0.41699160544003266,0.03942163550736344,-0.52816301956068,-0.3404728438102017,0.0
0.9955695360710908,-0.4460380971850725,1.3014964371689455,0.9442579131631468,-1.0064869950100612,-0.5026848753481097,-0.07885524972881885,-0.0645548909008409,0.4316327671832084,0.001244396291882388,0.4172731064884598,4.0
0.9795569473298973,3.1370482729440963,-1.5461537669992897,0.4632916119851589,-0.39404146922536565,0.5465388090615374,0.7725004029963484,-0.030524616269585775,0.36693007407835754,-0.2980653340922581,-0.5350570865632092,0.0
-0.7425907408804044,-0.45254591456578774,0.84751458820418,-0.3090859614677356,-0.12839446177423347,0.6989317264625006,0.4431437377095335,-0.0783695389035082,0.8321027678159137,-0.7388983094580377,-0.5448661263522159,0.0
-2.2174605138673558,-0.9860087381758308,-0.7686731716887284,-0.019684748440853828,1.0268848991902078,-0.06492891536959428,0.451835135156195,-0.4568428913318644,-0.813227828341234,-0.16282480831034252,0.38271946946691865,0.0
-0.18637569411903498,-1.0023250129859336,0.09550484516841773,-1.541415249214867,-0.43897521837944165,0.5282618822152266,-1.10857564550729,0.5713207325558239,-0.30200175314425837,-0.18151793119135756,-0.19025426754684066,0.0
-1.0109228084231001,-0.021944394253373162,-1.5082422020525303,0.5782099602108387,0.2802679484232651,-0.841588220263443,-0.10824494813115204,-0.483283560007992,0.24061535770382425,-0.5426585176023344,-0.27727129832764263,2.0
-2.380876609401623,0.41147023367304664,0.4656546763485676,0.17334814821627306,0.6385679778364585,-0.07574314018150652,-0.38259919405142895,-0.45735928504429857,0.32032031267192973,-0.46519123807578716,0.6322279779136595,0.0
0.8412699458907937,-0.22666236741915957,-0.2181420742543504,0.025748452488536605,0.056263482577004156,-0.023996247039012486,-0.8334244752245544,0.6487488810522696,-0.45592518678678706,-0.1944662036455192,-0.4144251462335638,1.0
1.7027778231023327,-1.1868374399863448,-0.5551530713508231,0.6589796931706636,-0.85573234635061,-0.6412051963221661,-0.11035781290544011,0.03621575559078574,0.4509278425126876,-0.10328213986142872,0.10909127901652976,1.0
-0.4831523469000864,0.17351295049857043,0.43436758909978535,0.02357698489275853,0.7207729380055953,-0.2086873521926242,0.5012335469338458,0.9926619347534741,0.2937553565988916,0.7177739719508518,0.23064351557372426,1.0
-2.0506083128300365,-1.5416545412471145,-0.03404864318500518,-0.03223174107749538,0.1732711333279429,-0.624923019845814,-0.7735314339701175,-0.11473939640066413,0.5321179505516341,-0.22714974637804036,-0.24108932597356197,1.0
-0.33586974001678327,0.42195424294180806,-0.642769577586537,-0.05938529016182428,0.28533789123611086,0.26534604938451695,0.6057020811374596,0.010148577111636942,0.6666585492744902,-0.7170694737369039,-0.4200705059105743,0.0
0.3438382711134856,-1.1727198957488558,-0.017939667361860378,-0.10574540289749243,-0.08039366205921168,-0.360893374287703,0.3444946035578591,-0.36145642100220776,0.33749065132573486,-0.817413777770468,-0.17606725625267206,0.0
0.19639104989874284,0.2747039794242978,-0.4739241241047957,0.896396555474112,-1.2162022629105786,-0.5763591011791809,-0.3250380197039563,0.256279168692936,-0.5626717152907936,0.7898090044607702,-0.13165088805751818,2.0
-1.003165120085034,-0.46681302902876187,1.6302865284224821,0.18843510172827857,-0.03425440522545896,0.18174428377083168,0.5422735649689799,-0.6165454729402601,0.32496585715299864,-0.09865569570217378,-0.8940968290794922,0.0
2.255489083720377,-1.3613532656402318,-0.4216202126018024,0.19719270591968177,1.5432207949374626,-0.40707821654549364,-0.203713378578382,-0.13957611634790065,0.3545266914440005,0.22661072277267352,0.06495599970541271,1.0
-1.1579027827653066,1.678841499507385,-0.3380563985912928,-0.09221700532468004,-0.30398227796554345,0.31488601580473113,0.6233463039064376,0.30209833873830505,-0.23026924715645636,0.1665854047605812,-0.6381940794229128,0.0
0.7909841330667082,-2.003858926421203,-0.1172651304551077,-0.49025891301516167,-0.27335870597917034,-0.41706016891876757,0.041221059488281586,0.4150984720341474,-0.2435080098555633,0.144411913551798,0.312171149640254,2.0
2.399672426103057,0.11680698897589112,0.12231550435102823,1.0037170838064067,0.600753209804601,-0.1490760605722164,-0.4383878302645019,0.0025217728806048167,0.32265393016681176,0.2439072420378518,0.13382423749108768,2.0
0.42727783805205527,-0.6015477075910612,1.6577033710874165,0.12592982311582576,-0.2841997553878097,1.5783039527106149,0.3043392103871808,-0.27109892841748984,0.818248289203456,0.29367532274459457,0.2433228723694844,1.0
-0.3136244392031118,0.6198237078745187,1.4078412120462838,0.28543019865608354,-0.015673738913210195,0.47438731291249514,0.03827281541093419,0.5088345164227016,0.8393988896861438,-0.20957273750141486,-0.16621525901154316,0.0
2.126886285930853,1.416276747932526,1.5796377340469279,1.670623477473631,-1.2175353484381204,-0.05249231728601905,-0.6382003665450403,0.18912627829023718,0.09009932087791761,-0.8377598838258222,-0.3685811121323194,2.0
0.3242548943986981,-0.4570546377439456,1.8846799100919447,1.5370439242302485,-0.5659568086111844,0.6413070264965949,1.1837052981201932,0.26870955349178915,-0.032538106923391874,0.2307487783324217,0.27006039451662733,1.0
0.31023460802532715,1.5369133036718061,0.7752539053743835,-0.9233894429775822,-0.7439411139785831,0.6290805457559019,0.6406503913604027,0.23144168894088488,-0.46460814185052923,0.06420459273635237,-0.44324798225615986,0.0
0.8016745706404533,0.36408815752287704,-1.0140114792486512,-0.9142331257582865,1.3407427208549074,0.2312807076367256,-0.852016602787801,0.6491508479757312,-0.10149843850488638,0.6574971013564375,0.1435575815070092,3.0
2.49711815672085,-1.2909587193140424,-1.263856678584536,-0.18127657415931178,-0.2902016647818415,-0.5335519355574954,0.06571248422968012,0.6165592714172525,-0.3536821059048332,0.0100860904273265,0.08445025490379465,1.0
0.503459873766406,-0.17968852516793704,-1.487258819968252,-0.7198633375345508,1.233655082056481,0.6479736170241193,-0.7127534521696105,-0.6271434391909637,0.1645221926529794,-0.4210321737585096,-0.23760301646749865,1.0
-1.8566333603277954,-0.8395507260927698,-0.5363156110356865,0.06962086418787966,1.2449260509349513,-0.25306365538361203,-0.623203338822418,-0.6953655088091414,0.29910391893932886,-0.1572551757009839,-0.3343740604305585,1.0
0.7198614712953704,2.931895176157298,0.0820594043683108,-0.11414847128263256,-1.109066399392166,0.3519456225341188,0.6281715671072303,-0.1334391193710329,0.26020937291984925,-0.18997621699179687,-0.3887629602164758,0.0
1.5785247548329306,-0.7002521325574443,-0.16649850302119626,0.8842390934471067,-0.2112102105606408,0.4601244832661945,-0.7890297244288643,-0.02653939904229416,0.4441368084315841,0.2445374991095533,0.10858504425329613,1.0
0.3975918111840882,0.967172950335877,-0.24864667814567581,0.6727912786508082,-0.1536767379534074,-0.017511483739150735,1.3136257099886428,-0.3994470670136814,0.22365250585833574,-0.33672480175399844,-0.4286026956916259,0.0
-1.7034660038344887,0.5571896567245749,0.14423867239865984,0.20446898956032408,0.18433330267007475,-0.007792070697050513,-0.2815811881658501,-0.44274638414449136,0.4953330012171314,0.15740380709634366,1.1252280688876959,0.0
1.1648732480580515,0.23068805989614125,0.4135865848478948,-0.4260753635183433,-1.4765063402208012,-1.2172829710700448,-0.4789339038808025,0.2720972405033687,0.32011005088717626,-0.7001788869182048,-0.3561098749094747,3.0
-0.3396718013649609,-2.118977593927131,-0.008370187813485423,1.559212746233102,-0.6420020767518279,0.5764250174928962,-0.4829063200642104,-0.7891826723014415,0.3941594417357205,0.17694222804525034,-0.026847705554485957,0.0
-0.3326720879571995,0.24719648264022598,-0.32241777668757765,-0.16270083151770046,-0.908001883252496,-0.4223011321135057,-0.06387874946622651,-0.9377647935121216,0.07311085758905467,0.5093752500300619,0.040726292906786976,0.0
-1.9943060398839958,1.731329677378754,-0.07964445884229335,1.2127870017283895,0.04013309219907977,-0.6479651372024124,0.5665826205032846,0.08683688254409708,0.7599689759200196,-0.22834807153810974,-0.30584761287386353,0.0
1.618457215545687,1.9595763224895473,1.9991337295017049,-0.4263850182961306,-0.7164555994710183,0.08875931324022152,-0.11583585057846146,0.7779169267109983,1.0782146887560407,0.4343809732142489,-0.032470024009981543,3.0
-1.4134854980376064,1.2794871926155844,-1.1064993282397548,0.5011761917281171,-0.33933443948807285,0.2923463221465142,-0.18727797463894813,0.32571430110109234,-0.4835673223822856,-0.6031235833776227,0.6735981594302856,0.0
-1.9970214674153184,0.7647935678137736,0.7113525707736502,0.1610731391854294,0.3798540208558574,-0.22503946660891222,0.30719181478795765,-0.049092029113340735,0.7886971468462182,-0.11520451771124615,-0.3332055619205715,0.0
-1.3066229216856518,0.6669595528882909,0.24831536218987812,-0.09389703737968791,-0.2706088532862222,-0.4252718853321668,0.597622744628078,0.0381577232824101,0.7658972891584105,-0.3974714632738661,-0.30609461853956366,0.0
-0.47125473041277727,-0.512514295602983,-0.08619791129998279,-1.2591350464071587,-1.1121055533316802,-0.3513896368610188,1.1733646803542337,-0.41051359939647614,0.4107757636556112,-0.4191010116715084,-0.4967701019957219,0.0
-0.9508886920938042,0.5799688074126063,0.32347909308740097,-0.5185215772537526,-0.24650718749170317,-0.34623677977093575,-0.41199438338215233,-0.9293163721490315,-0.10281924878955084,0.026902780922591824,-0.4527080074535319,0.0
-0.9060617534393967,0.4379524893255402,-0.06452730821069559,-0.1712615072429034,-0.5861547281002634,0.15756887536587977,0.8048675226858379,-0.418421436045342,0.39179367989536196,-0.1380904039445126,-0.48994723450787675,0.0
0.1785241688798474,0.7876855173850427,-1.1614342331951641,-0.47865399815076626,-0.9733708408960037,0.5173267321208979,-0.896889262056492,-0.37444157746629664,0.45392627622158377,0.22959227744548855,0.2492511979984932,0.0
3.7258438201406134,-1.310532146701349,2.5543824194630638,1.5614073300298303,2.0795971066559256,1.6090901674738547,0.2189716849133388,-0.9118930087645514,-0.5375847325976744,-0.4962539844978126,-0.29986606977114805,3.0
1.6825758168848082,-0.4926568248318396,-0.4689261387157978,-0.2566784533503157,1.893383074877218,0.5717333865552097,0.790317265809527,0.9107646743174834,0.11661554963113618,0.49866183045160045,0.26311024284786194,0.0
-2.434629932925301,-1.583984975189106,0.3933734517601285,-0.2644777401853864,0.41077370020117354,0.8234113725682957,0.5447188394626635,-0.2540689034943155,-0.0583814012350099,1.156988119430787,-0.1345099634718862,0.0
-0.8702250656242074,1.3425370630920255,0.05030874838863705,-0.98916440631015,-0.14618704949421238,0.93335523811322,0.03169712299896599,-0.35643454071875613,0.4273493027016845,0.20300894349152393,-0.5057765518481665,0.0
-0.4665818998664607,0.11090753246264783,-0.509694307292629,-0.017179534797907653,0.5317220038725902,-0.770456085312281,-0.9070507582348012,0.6741432423869628,-0.3579452132066345,0.04382044935561544,-0.4813071770405548,1.0
0.6141026625829145,-1.025644373833558,-0.9981359132030581,0.0038040355551200444,-0.06012605743940323,0.09350615588664613,-0.9683933389587996,0.014268811438828272,0.5815463566734888,0.36355306143877325,0.029879113369955745,2.0
1.877353448651895,0.47828976901226916,0.5562323206153507,0.7004470972961327,1.0631571282216312,0.24662627886408411,-0.1636386833721155,-0.5424709488645277,-0.03289857524721962,0.6987340399868072,0.19624500330346012,3.0
-0.6793761859933253,-0.2915800206932223,0.4800373378348205,-0.43373373976321017,0.8437045014106038,0.0852935704835554,0.18908657198114442,0.046464239732674356,-0.5831733274975284,-0.6133780187831173,0.6629185272497744,0.0
-2.01235714492638,0.13854011405975114,0.020213001131889938,0.08665811340254886,0.45742491687410536,0.02060510665100923,-1.0128129399213686,-0.5865816772361232,0.3270810227793607,-0.0659238243853113,-0.30341579004273445,0.0
-2.1205395181914537,0.31337376153998514,-0.6199174072572827,0.609212733838334,0.254646704846593,-0.1027471112854002,-0.8824561954597133,-0.536098569910901,0.3312932850071558,-0.14646253872201392,-0.29952130903437924,0.0
-2.8509090458972066,-0.9374442028205877,0.38686224508975264,0.41995658628853216,0.5443006027072009,-0.5865459317165429,0.0555127920557702,-0.5092213068720747,0.5351529383142969,-0.34349371287083086,-0.005058429804387185,0.0
-0.17647673665285968,1.1743727546424079,-1.1245611526703843,-0.1679691032752633,0.18203759359721108,-0.2317112057873028,-0.2796801200478978,-0.824411926985325,-0.1628378813803596,-0.06920266094393854,-0.44168089568581664,0.0
0.5481138375602586,0.28406364506432796,-1.6920424750946619,-1.7777580960647124,-0.31674146504753187,1.027581674932234,0.5605725455824678,-0.2382622511710358,0.5222901056194659,-0.34474468671486863,-0.6318321009634644,0.0
0.916196008433424,-1.8220920738020712,-0.3038601300530296,0.2643436054303764,2.0336731961174315,0.051441129624091114,1.2380799357655983,0.7456275221789516,0.1413438178048373,0.405841043967386,0.23168275570487368,3.0
-1.179182424985424,0.5057059025520405,-1.5796769660488335,0.130611646723698,-0.6061555119768546,0.2251542919396518,-0.4073099484288111,0.9065911909508396,-0.2693803633927915,-0.630276589197426,0.7434142858411816,0.0
-0.2151732278968736,-0.3102061759155972,0.6920441916843763,-1.143694395528585,0.9116842864450393,-0.4364668674689071,-1.2008707016354285,0.5736383271724635,-0.3612424982506974,0.1986490801563755,-0.4906201686079156,2.0
-0.05268509827688689,-0.12811177981111033,-0.22879848271539716,-0.6068978609440748,0.38632649611750813,0.10981148671463367,0.25721007667242235,0.49690390799113693,1.0948131517857713,0.4396013319673981,0.23903139534344547,1.0
1.8082131704652644,-1.0546483275253626,-0.18780914822932498,1.2409116765417632,-0.30692790288584004,0.9865458738052595,-0.6710256234103157,0.4687342496872401,-0.3571139069693984,0.34938603060110357,0.1157217505296424,2.0
-0.9875137562897529,-1.5236625186042687,0.047123853017502396,0.9046143697776214,-0.5736726286723114,-0.8003792488322865,-0.06146231224025778,0.4088762157761445,-0.15389930660780726,0.348575630304685,0.28864850289796873,3.0
0.8701751994175435,1.1794127856579082,-0.022229631362981683,0.2018887425848286,-1.1698990500144382,-0.36355858224310117,-0.7716457110995251,-0.20413898606851819,0.17924901575854457,0.727773861972272,-0.09656682968831869,1.0
0.5911455654678288,-0.41629613566376367,-0.4265910406249831,0.07542035489664678,0.036029863573323107,-0.26535314763495604,-0.4380853486062054,-0.4863887584499167,0.4911836425110926,0.1779353272744018,-0.16621961908305855,1.0
-2.059859001046977,-0.276468290130257,0.24103647741338943,-0.46632256080842927,0.595186039012655,0.6296874112605473,-0.7237581567055537,-0.5710099691957522,0.7439616427039694,0.6055344555197211,0.499970386818473,0.0
0.8323087691500031,0.18159645748160064,-0.2067212331522093,2.582616003766175,-1.4454191940329528,-0.583573483142064,0.1374394949673725,-0.2982228262043872,0.21077202288247,0.28330803461168946,-0.1780171602919361,2.0
1.647175539631716,-0.5044934031744862,-0.647649705345216,-0.8710738835992995,-1.0812018893045081,-0.05590342384672525,1.3913030564417368,0.7066281764833543,-0.14155826462137444,0.31316579335966244,0.11177727468801185,2.0
-1.295082412920373,-0.8569162696425096,0.5645922320619061,-0.414949886510696,-0.5531182710484861,-1.245257695477207,0.8039553729907161,-0.025905401225197022,-0.3049921334652336,-0.18588580330097373,1.1529624299197685,0.0
-1.016720896739325,0.63554491843258,0.7544630786465054,-1.1118453169813975,0.12998145453834772,0.39849727907811605,0.0868317730726752,0.0605339133408134,0.9144184383904522,-0.2709681132727138,-0.44782094990114985,0.0
-2.067148627429033,-0.5552527379547036,1.5156536082775138,1.1262369267184957,0.5616368693618231,-0.3410720377374969,-0.013977678453608977,-0.6975388057743502,-0.9125558069605968,0.3462565344349096,-0.47796359461318333,0.0
2.671292892583546,0.49888300239631367,-1.559974711060457,0.5469462630139521,1.1635620441289285,-0.44530356896879414,-0.25016569076425055,0.24773493462421883,0.25988749192208027,-0.6891505626960182,-0.49273723280037374,3.0
2.1378836086595943,-0.46199521195992876,0.16039745946476525,0.25410220644699677,-0.408843752833721,0.5532370052006528,-0.42267173774870237,-0.03140442797063517,0.39390014670086015,0.008916300508700237,0.4167749099286781,2.0
0.1369077641999089,-0.06692781094434874,-0.7368534594054226,0.10044180750203366,1.266076887866131,-1.4758621382680102,-0.43061010238999486,0.1552340809471869,0.46409760426993374,-0.3397385602785044,-0.5991931249582894,3.0
3.597350270954892,1.9864718356327535,-0.9089861194364856,2.4687266113214106,1.0295363323865303,0.49927415380444085,0.2770657954158714,-0.3637367152770704,-0.2282959219542069,0.3907947893432245,0.2961792813224902,4.0
-0.8969200679892022,-1.501282922084933,-0.7918466354110817,0.12247052545154144,-0.7812357816474227,0.6953752245029486,0.3777672550057868,0.43062378667763657,0.2478608705497608,0.439205278050886,-0.14565471863202734,0.0
2.4128488711419998,-1.9327663160253854,1.8955400961607722,1.9595221356365935,-1.4455491395925706,1.016151789527404,-0.1373721652084866,0.36605916082935697,-0.7082076731033835,-1.02322340124332,-0.37675609099590773,3.0
0.5707224127432724,1.2660929836924373,-0.040823229629172494,-0.009462134187731147,0.5890686436165561,0.9713375429207665,-0.33645694536464155,-0.25064494454314,0.6387745069645568,0.2399983610977488,0.46285475150201966,1.0
-1.6602330339722176,0.29832931639880456,0.3187141755239814,0.41332297846758925,0.04805647819005654,0.00830038926705251,0.1619625749927749,-0.9424314548238955,0.11111734491021619,0.4384500562792771,0.9355817649299047,0.0
3.5811225170087995,1.5027180035069332,2.7278160308858594,1.5574216675620198,0.5913007124243425,-0.9127844389638258,0.4763814991245917,-0.35225229304601646,-0.36861262839527664,-0.6027555130760573,-0.6713555419242796,3.0
1.201696876150284,-1.845609219369312,-0.6033094601739423,0.9612894680524127,-0.4332123414874929,0.26037326537238736,-0.3420525316756846,0.4493613160226463,-0.28981949149840336,0.23741549315914828,0.07275016273274809,3.0
-2.236928905237841,-0.23011782595223468,-0.04281648603545824,-0.008666081062817188,0.21574346796768704,-0.10348360332540468,-0.03774073091618235,0.09789493980225702,-0.4365720314792168,-0.5033467510813385,0.6189887385174031,0.0
-0.9151473070004552,0.08951652736166874,-0.0716620552035825,-1.2323769967734728,-0.18358530554007615,0.6184490759226261,-0.7627438567212349,-0.4089615145155592,-0.8224127230076758,0.28521937176938433,-0.48755363041275723,0.0
-0.6202634392819337,-0.05782038165059572,-0.5287013543601198,-0.16844108581017891,-0.6709793072255744,0.17213125735172607,0.1839544283793948,0.5698834417674032,1.1641908820814337,0.3470865435282034,0.24818375811269455,0.0
-1.2087474622250662,-1.1928006961334625,-1.5924257920909461,-0.2662107204543148,0.4649599383218217,0.2620951103763802,-0.03393897184325512,1.0912691880232979,0.2545785766629757,-5.839900746579252e-05,-0.5886711093616463,0.0
-3.500905042747203,0.05085851905205807,0.8479651625528741,1.1322683628324994,1.1403651043288154,-0.7177954159324669,-0.10744343754821772,-0.5831192918220535,0.3377234589677497,-0.3512220918581731,0.6004228473788247,0.0
-1.3214291297691902,1.1201782810281071,0.34027117813539354,0.24345218139444488,0.19296514938267775,-0.4428755252190812,-1.2235180763944746,-0.42261446915072187,0.2790434045392264,0.0283901984125714,-0.5440067286510646,0.0
-1.9661960124453686,-0.39376965959010135,0.10710217377222371,0.018507226311437613,-0.09313818055331058,0.029826609467661747,0.8952199899259865,-0.06715482410895829,-0.1067305592966159,0.985949247802244,-0.09474605239148598,0.0
-0.42336381127260736,0.5044893417169987,0.3938977684938002,0.18119535581272503,-0.43586795500546804,0.5808232421580585,0.13095925121511032,-0.8856527962358618,0.03515105270645735,0.2576354135162921,0.9941984004324131,0.0
1.71684189373111,-1.033728337893439,1.6646378352898181,-0.8079904772604687,-0.922174956498964,0.8714905351374289,-1.0588590510637492,0.5383197739538973,-0.5254984622735934,-0.5584977135534859,-0.47730514750059366,4.0
1.582998260077118,-0.5682262072427292,-1.1580803168937146,-0.4071202488900223,-0.9410954804512993,-0.06371372925450797,0.41272083436121765,0.25693770891742207,0.494224263685373,-0.6450465770679177,1.311498285395239,3.0
-0.7654731018971277,-2.185233190140526,0.42674010650795835,1.1669116177805474,-0.7548172800691905,-1.2418565041402871,-0.03129133455541322,0.3911364013211719,-0.16925890639742702,0.3452991532895449,0.017130557516732592,1.0
-0.47456369849645075,-0.1769936674359877,0.4736479239850454,1.00862263333517,-0.21374149287027394,1.1459037399156213,0.4643841513959736,-0.1344995916561439,1.0099388260721915,0.24227133105651438,0.08109033502600099,0.0
-0.9019121047334817,0.5614828692640589,0.578824186999496,-0.9889894122630088,-0.08665355517544235,0.08024308238721656,-0.6073259144572033,0.2620882992523732,-0.4816933329700703,-0.37434266297351576,0.38271881922169226,0.0
0.2564861233644526,2.071959421699638,1.179951988360648,-0.35922369648292113,-0.4556819961429638,-0.6914522291239735,-0.3392368531005746,0.41765283670049713,0.7172962710755749,0.34652503111805605,0.6952076551709507,1.0
-2.0042087614018502,0.29633425879024866,0.46145226971946907,-0.5515773807472034,0.6119033298003101,0.4440669955854916,-0.44578589224635046,0.1641425910767458,-0.3106167977009287,-0.3697039757057153,0.49023342944374676,0.0
1.0554088332614957,0.2491074267368435,-0.6469984351702878,0.24749133519775565,-1.499547694471707,0.743439248809405,0.11845660650282397,1.2526586947624883,0.2858916529947836,0.3467149297213217,0.0449627187274228,1.0
-0.6469430123184805,-0.6283154074904241,-0.9233963490827768,-0.22972467708878355,-0.6138073818659765,0.7254893642253146,-0.4308564258986223,0.5707192303993897,1.2180842149034201,0.5536988022022138,-0.05416245820010106,0.0
-1.802987876504319,-0.5017525839253711,-0.8596859545688003,-0.1658245240920629,-0.37739748073575397,0.19523129930370678,0.5867864401036904,0.5235759562283538,0.07891279128649864,-0.281683158391161,-0.36074011200593215,1.0
2.6245245707015847,0.8583088796364583,0.07441460750642587,-0.13446900437210005,1.3637181345786447,-1.749908756936069,0.5187217198087712,0.1310225219366882,0.409486156640796,-0.036418715913983116,0.25738469510896544,4.0
-2.577843473444099,-0.01804951147696729,-0.5544890105175181,0.5423915127760073,0.22489109593600268,0.1714777182704527,0.40424310193656376,0.4744772793355275,0.08873018488252515,-0.01537255618056399,-0.3792008762604235,0.0
-1.6793794498784465,1.1908690497211118,-0.6093048990411976,0.668225695285121,-0.19860351597107082,-0.42306254523933756,-0.02438738216407632,-0.26014376251828986,0.2788444081966549,-0.7794770554338641,0.6793091925065962,0.0
-0.6707164706222964,0.8007634532462854,-2.2911174984322686,-0.2887785912112249,0.052571669046819064,0.9825449803160493,0.5584447696026609,0.23545547064944714,-0.34779569382025033,0.11040466667788268,-0.5382920050607147,0.0
-0.400940371799894,1.5534747725053344,0.8209618260721947,0.9011272319214463,-0.06992020958311157,-0.011980504844477324,-0.2541086716956258,0.8951680768096933,0.08335992309216889,0.5235088230644986,0.5417129963552128,0.0
-0.8284922813904398,-1.2260660468906157,-1.4337976957074543,0.5248756685506092,-1.350426681012387,-0.7648256758992862,0.48987562725553613,-1.0100405402712889,0.11791220250987922,0.19478667835183266,0.01658697272936832,0.0
1.2382227869948341,4.032174210281855,-3.569997665837331,2.342246347162045,-2.180553910681082,1.2686581097195304,0.25018462738640196,0.681511446301189,0.6504639593877627,0.40831743360934986,0.2060467343796048,0.0
1.1311005436338752,1.0523512507127433,0.5207868409166924,0.28047283499231423,-0.05264129388440665,-1.3535348549502326,-0.5386886628716564,0.16692026807533958,0.4569823221647348,0.38736586794905675,0.09333390671295433,4.0
2.123382759536965,-1.334815355078736,-0.6185489352688274,-0.3491010483881133,-1.0699689164582222,0.1457573427458726,-0.07337135134777117,-0.48011342578841054,0.04086998645556783,-1.2815755640001623,-0.5551779760289242,3.0
3.565829206475375,0.09522544622328592,-1.6048695853853434,-0.013043201286522005,0.503495086344867,0.13718627926386445,0.46227493833499655,-0.4890831226606206,0.08915924850620682,-0.3543216879060406,0.3425283902952568,1.0
-0.2799376689458638,0.8899860142444852,0.34455113709033725,1.3591761507278048,-0.31161134354856623,-0.1229776419198853,-1.0613099648616897,0.6884438487038324,-0.42429771498428714,0.02161044843129073,-0.39961265306875277,1.0
0.16018932665490032,1.0121073840209671,-1.4001836822900973,0.04306157841252797,1.4180414530880077,-0.3078219608012292,-0.8616098956347359,0.1428726880617169,0.33570220132940676,-0.17215742757761426,-0.18095783786446745,1.0
1.0753825438875468,1.018965115208677,-0.455129408548255,0.47171729720514466,1.2919071176607888,-0.07668850621794782,-0.7068563445114521,0.028572979429739714,0.4323790837397804,0.5147223462665909,0.34217251676854515,2.0
0.5311345519150359,0.4024733775568833,-1.0293640049322592,-0.5936178522296316,0.12572863426689182,1.272487067574268,-0.04164782406938983,1.1910737946095225,0.10088195532400457,-0.1897332105677797,-0.20573340271347867,0.0
-2.069301519594365,-1.2634297990030174,-0.6390170185729118,-0.3188302187017999,0.06946467103945905,0.08104571673062083,-0.26996574387130845,0.7047070903159162,-0.08090390283047721,-0.5978101842578776,0.551389174947351,0.0
1.8056812752438187,1.3262134469623246,-2.0171980854873435,-1.2373001985766905,1.7642858107362296,0.4013176130006162,-1.1188353353335083,-0.304085856708733,0.09961356667898769,-0.2000595787081748,-0.5269168528711194,4.0
-0.906180235794551,-0.848373733919857,-0.18545115155514885,0.06713362575865389,-0.4359393026630676,1.3864463376477965,0.632564952879243,-0.10012411354507395,-0.16045352027517723,0.8513995416877496,-0.04856408608955426,0.0
0.06576734659207034,-1.150159992761866,-1.4105661363874984,-0.3890430048690171,-1.4278323068595384,0.4202561286131515,-0.07289949331099477,-0.9862606045102482,0.10636138065526002,0.2536894632804751,0.036518887283843005,0.0
-0.9953926524706651,0.4104046443198645,-0.7773212557385734,-0.0009080825213570731,1.8669384371432733,-0.1017636971985163,0.7954030686018811,0.5256072046199552,0.059852806614067666,-0.10330462001652242,-0.49986546908699775,0.0
-0.9093334918888634,-0.052393424868966726,0.420712123996975,-0.6611991091798182,0.032013790223107394,-0.17493107545107328,-1.4474619780817473,0.641900042485079,-0.284657467451791,0.20727429648554985,-0.4867251017233433,0.0
-1.501700932786169,0.5211732040660517,0.6161958211927,-0.5841014730982519,0.12302803711282098,0.19585002058749765,0.2970704819902378,0.522976388853111,0.02104192532645055,-0.019875296194137804,-0.33849849550649447,0.0
-0.4021697644563226,1.1182699233415228,-0.716598426596228,-0.19585975826887445,0.33617874177521245,-0.42281418304510937,0.09977859233251607,-0.5991612201039761,-0.01300512061808523,-0.436128541749035,0.07433248433303524,0.0
-1.5682466407997242,-0.01070268015656542,-0.41833009830206935,1.2642745664531343,-0.4125701622516401,-1.7441089141751482,-0.5576915233558842,0.13848430354969596,0.4626603619271771,-0.28744345690395245,-0.46391690170008865,1.0
-1.7420688333904235,-1.685171222094361,-0.03470869997515105,-0.8905058686991064,-0.40382283747742587,-0.26772036963385776,0.6211533461605047,-0.4770732153991014,-0.5802261339879627,0.3229651004704522,0.8777908052774144,0.0
3.0067351043835138,0.29175338626843106,1.011588779580406,-0.2318304954652692,-0.8535159674250682,0.44493988297483633,0.6321134614147977,1.1646334839553198,0.06853430757717693,0.18169931651285015,0.11954620274810879,3.0
0.3281223404081221,-0.504556578472267,0.36426135834925577,-0.8785157257826947,-1.2032383573505785,-1.6021800184314658,-0.4572050832770518,0.2029346960343096,0.40203919572298086,-0.6182148614454279,-0.4140017954139469,0.0
0.4967551766033919,1.3965609696182066,1.4820835131368746,-1.003029132771175,-0.8491304601674944,-1.2362344346937757,-0.20110025703344048,-0.26601190627513727,-0.7696774855218579,0.9083758670768116,-0.2126361188873362,1.0
0.7640145917912204,2.446379167660591,-1.0105864820208208,0.9042248650055145,-1.3384515939890202,0.22260483055988384,-0.31043658064463087,-0.6991025804558311,-0.032890583296385945,0.4832016747840538,0.12885724132222523,0.0
2.0440852356601846,-0.4980457102287634,0.5181665214417027,-0.5952640207841132,0.7928635977476916,0.042621618872758116,0.02179980313111546,-0.769694715782652,0.1864156756869234,0.025932240608023766,0.3209380685930028,4.0
2.2926245771418694,-0.40620289704538404,0.1249639272248915,-0.37761088921344577,-1.254059331999206,-1.72286642884825,0.35668772137053273,0.7305159139189616,-0.3549571679112305,-0.0716956976067717,0.11995864246000021,1.0
0.28592748309410415,-0.9873320271688987,-1.7354977959064852,-0.3650928967402245,2.1577274193537583,-0.6756987497254101,-0.07161699744283867,0.5543953581292812,-0.32007169080703807,-0.29971817443569937,-0.3677273915892005,0.0
1.5843758672451724,-1.9283562595978285,0.5227820331311728,-0.4171313746749121,-0.562848589756345,-0.5335773080629749,0.12499523513955763,-0.7592263808025221,0.27682369873118595,-0.16666502028697996,0.03543849625959897,1.0
-0.46388845563639464,0.593900464850144,-0.37824099184753235,1.7109395160254357,0.3467063143227357,0.14382253135540088,1.1125096048741039,0.4944083721817538,-0.1643468808064944,-0.38209564351198644,-0.26472598120282986,0.0
-0.10917718614738883,0.5753408047321659,-0.8184930513789948,-0.40598403683244205,2.703625885142387,-0.1781879384069398,0.7732996519081486,-0.03516591137725242,0.7521806065827469,-0.25627919457541115,-0.483376316683078,0.0
-0.9472972870865788,0.2268526054576136,-0.399109341874726,0.7243072628900636,-0.3169896795991176,-0.4232391245960972,-0.8224068972241613,0.03703270785865123,0.639719030454914,0.4752561098000176,0.3002150078529899,3.0
1.963611973283264,1.7293800997522122,-1.7857832247792245,1.919627559038713,0.09186178482363733,-0.5552911228755042,-0.10483673957397943,-0.18577451216868332,0.0027858171291427203,0.5498682474373651,-0.06686166494018268,2.0
-0.6351162967893452,0.6589813981505056,0.549025374000742,0.7707839937533684,2.009775154860042,-0.7952726083770467,0.4546027352257108,-0.44670558597516485,0.2700417743130571,-0.3702170756274904,0.07049064939919655,0.0
1.9760120414054954,1.0647721628365647,2.758157881143897,1.4712478467541548,-0.717069073507879,0.7666399133731399,0.04136816832166651,0.1967735159060837,0.2277462375810425,-1.0085110032261198,0.24729666633421316,0.0
-0.05076247873087408,2.238568499410997,0.37505717502153235,-0.4322556683829608,-0.5815998843356208,-0.4456663314608859,-0.45281438293215415,-0.7353234197841885,-0.18009270257622567,-0.010167129701482897,-0.39307914007007616,1.0
-0.31792307742441284,0.682033273339472,0.23084937428535207,-1.4470795442631863,2.0359822539249732,0.5379993089444457,-0.05803071275893312,-0.360501535016132,-0.9567269647167672,0.08385116071433019,0.4313634791091803,0.0
-2.270195389237913,0.13919098472414382,0.28212483502943764,1.100210722557304,0.6647370611239541,0.6005489726438431,-0.03239458838021936,1.0267210285691823,0.3126920612969769,-0.07715357649801534,-0.5264966535861964,0.0
2.2668878102809273,0.5640705449752518,-0.0710298861308738,-1.777764577540935,1.2976952088075928,-1.2817016472353921,0.7219523447295078,0.16999804767101337,-0.5665113695861992,-0.13088329036992177,0.9285874946982207,2.0
-0.2608960362804791,3.2268568266943367,2.0399146544929323,0.014591231079451483,1.446511065562277,-1.0322647289475293,-0.4670020096756725,0.32126050925605365,0.2577174911932575,-0.2557443034073447,0.8153746409096616,1.0
2.4284103116620455,0.29602119965100826,-0.31791534641277075,-0.3974827687983401,1.745623186628216,0.7696206054185339,0.5300673349680594,0.4492977640264604,0.83841984617742,0.3226876477137441,0.31275610145019,2.0
-1.716743637135086,-0.2240127220889393,0.501566580074687,-0.7133152979384261,0.12141265269890902,0.21235649561195422,0.3694587850324954,0.4585055555530452,0.049361665434582536,-0.06602860422557227,-0.35806578064741,0.0
3.218410408114758,-0.8459524491834552,-0.18300477456860192,2.20509187000738,0.9466391033632372,-0.47471202906995175,0.5865615873316646,0.42129500926532126,-0.5942233407495116,0.045666049354145366,0.1606845758522351,3.0
0.6461503472211059,-0.572186776078981,-0.8574775855426099,0.3383927085088513,1.9479848737853618,-2.123774572457194,0.1378477496372572,0.024670194398433848,0.5918835836041015,0.31450603646131176,-0.139299894257308,1.0
2.990663677857377,-0.08578335344820714,-1.0585949108469246,-0.20487049035192553,0.6622369557330501,-0.5685946328670699,1.2014250824147847,-0.38102836863666223,-0.8952770048115053,0.10703367440287487,-0.0240977841645153,2.0
0.8724326512283485,-0.8360345302715554,-0.1618389109041767,-1.3542167719453901,-1.416582708909225,1.2468838186661684,0.7513697181459748,-0.49913498584242066,0.5511328377494952,0.28622922074006846,0.020471570609898404,0.0
1.6586671950252887,-0.5663185256558642,-2.5870412689874205,-0.4226681127405967,0.015028739757670287,0.20772184852718928,-0.4533798020425027,-0.4180660398659073,0.3490059262161004,0.021513860526591155,-0.03969932560638473,3.0
1.3298010986616988,0.982246265099857,0.7278307516006641,-1.9149368865332974,-0.004592784288058149,-0.3553799718508182,0.19037717955463063,-0.15818696973275104,0.6347291053764409,-0.04703835371998827,0.4664044469002951,0.0
-0.862029588682325,0.00588171981072827,0.3627903675837486,0.1497401876849754,-0.5735107256026324,-1.1559667990683051,-0.199398958407485,-0.9703566933979371,0.09430819700998705,0.7513769725467283,-0.2632538116946141,0.0
-1.2778815373047676,-0.013637990625274043,-0.14383891756900338,0.27594444475336233,-0.26567164350691375,0.6230947005433174,0.2293861852210865,-0.3277209028575139,-0.87537246743124,-0.31065255303890976,0.4768369523507237,0.0
0.4069126027271371,1.2606227062644613,0.6863130391547886,-1.0803148944399683,-1.0470932211449209,-0.8822667597702458,0.3334202463555158,-0.09179711883189853,0.3502469288286246,-0.8620870643220226,0.1457708735643946,1.0
-1.4415379641092767,-0.06856220236267685,-1.0038071025859854,-0.05896921318054013,-0.41869604227471624,-0.016275625445633213,-0.42886687935329915,-0.9370825208256237,-0.03678833621763833,-0.049897445419935876,-0.4822617721517477,0.0
0.7552084503710672,2.9379575381650507,1.011998791369892,-0.6256856873148923,-0.9058383808766076,-0.9478570498874337,-0.47076567333788233,-0.04784408682485411,-1.0056360757256317,0.2107532855999213,-0.644400574540503,0.0
-0.8058892906571333,-0.28152013857126124,1.8491674300228673,-1.5347722643742483,1.6309380253297991,0.2587318595229903,-0.013798297951284455,0.9642535444449932,0.26394297881990647,0.21236085521351816,-0.4090173503639715,0.0
0.3851534184518935,1.4458444342535595,-0.4851936922608674,-0.7966114668627429,-1.2515389041476621,0.1850950830506334,0.5524449536036002,0.9320214925461076,-0.2403343826288762,-0.02191028269476107,-0.369961819284867,0.0
-1.9414133398286983,-1.0259625021374323,-0.41428846891164206,0.16583217271242987,0.019170599903044788,-0.4731675905079005,-0.7140474946380736,0.5074058098737162,-0.24700062883310447,-0.06872001291754452,-0.24029900731060716,0.0
0.9731918838783509,0.5872175654419891,-1.1192612562231476,0.7199555181812772,1.669481323069457,-2.2821463157130015,0.0867739625567841,0.103759773992987,0.42234919355901146,0.3783054282822405,0.0243934766333625,3.0
2.273536634739427,-0.9495897798277108,-0.3423677907678395,0.9832233660694378,0.4209462627219793,0.007990606239946019,-0.30287965806904515,-0.06801840914549603,0.35434121451103795,0.1063079413580384,0.11659008243040009,3.0
0.28154213338975104,-0.9110380538754715,1.0231004212503685,-0.23063467209542662,-0.8752712414271365,-1.2441358867391086,-0.49849035181472123,0.00912259655760414,0.5702610816052988,0.25582210646378584,0.058784127165725286,3.0
-1.058179401302505,0.6271723068412195,-0.24450731357712222,-0.5457439727995156,-0.37838226508733985,0.03581908360562536,-0.06448661737825412,0.26706697498607423,-0.4907156921241171,-0.6705738317348424,0.6706234423414315,0.0
0.5709401353011532,0.6051353707853424,0.9360555813057723,-0.26174309836009185,-0.7437846029041254,0.1803186181754935,-0.5484708076462664,-0.3896955516826852,-0.7742793410901219,0.9355888861535904,-0.2054959802639082,1.0
-2.6185392548197637,-0.35204741795296357,0.0725401442401083,0.32158116387143854,0.17055695793300765,-0.21536284301533576,0.9367374917954532,-0.036908177920755264,-0.28888572852461253,0.2831340427651938,-0.5790188053356673,0.0
-0.8729841101182083,-1.2087463030414503,0.9778326246873271,2.9116615168919253,0.09982539182020272,0.8583532328876129,-0.30409273547011995,0.478974271151446,-0.06810084060828148,0.6026394516907356,0.3889623268032027,4.0
-1.2505917004199152,-0.6069517500827474,0.9659595354436368,1.1965645060622137,0.02851555259227062,0.39129372214466085,0.6822483094064941,-0.28055187901817613,0.9020562357807466,0.37539858723266034,0.1813591130619991,0.0
1.8312327936198307,1.4163203022468402,1.6131773351615464,-0.7935971598027384,1.444898185688585,-0.6021386431501161,-0.543998090964669,0.20993873523126086,-0.6236205122730611,1.1865751488931535,-0.257722042523648,3.0
-1.019788109250314,-0.50858311833974,-0.9461756258346224,-0.38109467773610106,0.6490518900438401,-0.08925004554273486,-0.45407221333037573,-0.0246484120779141,-0.5001282494008676,-0.18402525708434034,-0.312403322805688,1.0
-0.42178811752286877,-0.9392518806251166,0.5534196039291837,0.18437565055148022,-0.10827672710287811,1.0519692958043558,-0.6162979068688424,0.052368487347501075,0.7897156008254321,0.338815494126821,0.6434038803134043,0.0
-2.4690540752588177,-0.6419944151590803,-0.5559295867910988,-0.22802111380143253,0.1850631821396531,0.46436347623462737,0.009746542195190111,-0.3862064882921562,-0.7510654030830642,-0.10845465631073636,0.3958643924106066,0.0
-0.859664218093513,0.1635257387712182,0.2305646828117642,0.03900196666962824,-0.6082070078782412,-1.1917340902533844,-0.2345411468461015,-0.939116955518156,0.10308221988992217,0.7585966382200073,-0.26578081259642244,0.0
2.235536164792143,0.1236239079388426,-1.1156922504170148,0.054775342945821925,-0.011509610845880536,0.18236229238328255,0.5788878762010038,-0.41403182688317286,-0.938645690641815,0.3419323607729125,0.10206938487941725,0.0
-0.9406205931865566,1.4351868533408583,0.05626809281058637,-0.2973270894554703,0.07912485687916657,0.20019170463431832,-1.1665559392380498,-0.41171793440884275,0.26388209059365353,-0.11629314812797936,-0.2496600450372613,0.0
-2.1885548232604357,0.19310004384713542,-0.8299686702064855,0.6998489266420648,-0.194245053328207,-0.15071404410837236,0.40766686067052926,-0.41386022281310164,0.4961785610575046,0.18937359295279316,-0.8326643962621196,0.0
-1.595670344706941,0.43274948691088533,-1.1449947150067745,-0.24619258301958766,-0.32382557020444525,0.8334832994254566,0.281886588177345,-0.3987950813934016,0.4892603276111894,0.06633789746007421,-0.5392730468966893,0.0
-3.1477261957110376,-1.0912807957975588,-0.8126323103908015,0.269675983293415,0.3512373776038811,0.5947371263469254,0.5541483904433125,-0.09838088414626006,-0.20703544028243892,0.38577875163156844,-0.6225666113796704,0.0
2.281422781141024,-1.3712356339270713,-1.1644232804427914,0.5546462906524893,-0.37165455059644836,-1.1358396564491893,0.4855512029824839,0.5942389021250455,-0.3813953099882792,-0.09916195102501364,0.09415386772891676,3.0
0.825220197187809,-0.2347526500058929,-1.474485642135575,0.4200879619663296,1.0159475486443066,1.0738221991432368,-0.5726156139868784,-0.5055301335058847,-0.8042545449928619,1.0065480773017905,-0.2629002132293506,1.0
-3.0211414953043527,-0.34369226216892534,0.33784235748225067,1.1060831127028679,0.6904858553161121,0.0840038595144775,0.23011985772592447,-0.4932993131037825,-0.8098993520537059,0.02330664704525215,0.4094439537588201,0.0
-1.4440508636461091,-1.1993821897842443,-0.3989956564712228,-0.4102722200178768,-0.3982763224346778,-0.38414339968863104,-0.26462943488918667,-0.04628540918086102,-0.4497491440553526,-0.362567715843076,-0.3034678373485686,0.0
0.06558573651427274,2.105605913055298,0.169918927236657,-1.1446917585847611,0.5890224124543731,0.661338188556482,0.3655392703483158,0.23432920312045477,-0.4552603314336843,0.37294854354372825,-0.49349852263500665,0.0
0.3582035520440246,-1.8013109053026826,-1.1392707706245413,-1.0923668368050314,-0.5604583036806792,-1.0503989591162801,-0.07691865400775899,-0.5356757940742982,0.45329387301123913,-0.02601036780086169,-0.08460120464184667,3.0
0.4476966698212734,-0.8629194366473044,-1.0554423343484962,-1.5239408689225038,-0.07065313502521989,0.1076050301867123,-0.9044624192754974,-0.44291840894402656,0.25790474006084463,-0.4700126293377092,-0.5483271413078876,2.0
-1.3897356327912134,0.19749100579935244,0.7428757324918015,-0.7150204434033006,0.048766194235590754,0.27928891959884783,0.4560335239119365,-0.5766370298916644,0.6389511868033891,0.9381244928569228,-0.06629656372584003,0.0
2.461435939776471,1.255618291386102,1.7477654290400941,1.4174019344467756,-1.89241730026509,-0.7367308435319069,0.6811140384809063,-0.31694741932470294,-1.0691606089590628,0.3040153759811681,-0.059192677571236085,2.0
0.37701011995586037,-2.0668680302955535,-0.38780160155199683,-0.9618163710785858,2.080156755572686,-0.3934861345828676,1.4228228743776667,-0.30639693126475165,0.6035355068072875,-0.6396921571431498,-0.3499762565955198,1.0
1.2071111266865293,0.37182310624064097,-1.4197700772652646,-1.8144604884615125,-0.6642784996355334,0.5377674538229463,-0.13772335230495736,-0.5693653376562133,-0.14837212635624486,-0.692602337679207,0.23767055326441544,0.0
-0.5784509250794416,0.8909923554042581,1.34192392911473,-1.1035618563363538,0.9088579347738155,-0.2724315647539967,0.8930686746203371,0.04157413864081208,-0.45674725843140024,0.3325658190842357,-0.5202444691673036,0.0
2.308293201968263,-1.1008755039155425,-0.8630144172020742,1.319035576934253,-0.036970388017143016,-0.17579542131972692,0.3642481533257052,-0.6190983601171435,0.15853342610247156,-0.23507079446396112,0.048771139642104167,3.0
1.319109602611639,-0.5187847368525343,-0.24957485663824155,0.2587049048486755,-1.7273634612013393,-0.6889934668762479,-0.2865125983230209,0.27040070510555725,0.4114318778724949,-1.2012521588332044,-0.5990016637668829,2.0
-0.7830763179934694,-0.5696944402094855,-0.3062367690551929,0.5356923053469757,-0.5552364411666567,-0.561032228706642,-0.5194528815138854,0.03837140314474233,0.4214093465103511,-0.5046481455208811,-0.15724426945033348,1.0
-1.292675134515374,0.8251222894659443,-0.14139417826199843,-0.041615800133564806,-0.41651364820203585,-0.29638828897650976,0.39139515144957143,-0.25023563246138364,-0.657537045344153,0.47413408545547825,0.9355646674492888,0.0
-1.9138782273125954,0.5161019620974969,-0.8103938545301734,0.6559202622560076,-0.30806080967236904,-0.485691925016755,0.25956764542876465,0.2416522198381835,-0.4698792713921421,-0.6993406134379236,0.6525200194143552,0.0
-2.1478802839784015,-0.6900464300130654,-0.6652643937661973,0.16013262809806952,-0.22158114564550205,-0.3765449682071404,0.2929346614217859,0.12202464990104003,-0.4297592188807337,-0.7311250617081453,0.6219114048272718,0.0
-1.8680880835793527,0.9420218648036077,-0.6997674942085669,0.7504082072220147,-0.40910565660347187,-0.5814155458815413,0.5852312963396574,-0.18135105975951238,-0.8501687447347337,-0.3430711629564301,0.46404970553237684,0.0
-1.2906064165820048,0.6556352588228996,-0.28406572825663623,0.05231725635561793,-0.35106873335833455,-0.38303669720720807,-0.19888754927690433,-0.3553111856044302,-0.8592859972176149,0.15917367462995075,-0.4697208355827941,0.0
1.5167266229373724,-0.47094333711073,0.14425258607616154,0.17591243954978805,0.9569423747763145,0.830745479260351,0.5051494706203633,0.034804674009318276,-0.384550949446537,0.14155357931195917,0.6018937386536563,2.0
-0.01891346839708216,-1.3710309850147842,-0.17057528301774186,-2.2606586209097683,-1.3468017103389225,0.03699998192420029,1.3103296225805856,0.17276779408139095,-0.20842542592825153,-0.4654373151475959,-0.6456679649142301,0.0
1.7729324639350894,-1.512827693569227,-0.7931848846521663,-1.668957281621339,-2.3937866656882036,-0.25964029935270466,0.37952268677153445,0.11492800638093234,-0.39202445321874113,-0.4230793269077549,0.28851532760720466,2.0
-0.6370091928524653,-0.7940176570087033,-1.516284084864989,-0.5418499348477342,0.49066121764324966,0.3565567336925899,-0.954983517888318,0.5807757437409994,-0.29991985795345716,-0.1097422477325339,-0.22997563731009846,2.0
0.4073706372021237,-1.1867614135695779,-1.435824884920993,0.5640896478488243,-0.6717800246305978,-1.023532456886036,0.15541697046360925,-0.5163025153084939,0.3809911614162219,-0.09992123675866088,-0.04033793097558164,1.0
-0.1031128720833197,-0.5831499028086173,-0.2066682567032641,0.14662090143518278,1.791198709923918,-0.08095757281845956,-0.5573686163558903,0.4247740017749416,-0.45964529732686155,-0.004101965392642015,-0.20254598296236426,3.0
-0.5074653795414334,-0.048575811292820376,0.07567306615200498,-1.5897787703283164,-0.41715586513098,0.2816877659758504,-0.21885925741669987,-0.26061718145956403,0.41883401688487176,-0.9857234874373557,0.5488813658773415,0.0
0.1880996226469689,-1.845182767988462,-0.29139039400413247,-0.3662252342146449,-1.1061059209989037,0.2567975232054029,-0.4688501911394056,-0.15709490849473093,-0.32638826777516394,0.22972565542379103,-0.02484991565814529,0.0
1.8866558643826061,-1.04345108048974,0.7280904906866684,-0.36187636359525954,-0.5799361702589351,-0.6343032951020942,0.2534912612574284,0.49571864516283326,-0.3634276946153105,0.019785853323423586,0.3856812522312464,1.0
1.5373783048788643,-0.5411717095455598,-0.9973322804101377,-1.155489370126136,-0.9228295565295442,-0.9506333199120198,-0.3563504616319575,0.7594815605836812,-0.2171344490935908,0.19676327524339082,0.04848063542823372,0.0
-1.0446104721395995,0.7467385193144974,-0.7946350992171134,0.3371104831537256,-0.6413013174781824,0.45327433622208213,0.6811077490644137,-0.3718730443727877,0.40545547499240786,-0.11880305119479198,-0.4898449648426111,0.0
-1.4766773891439795,0.2836104233562688,-0.7527097615341112,1.698120645002342,-0.19727549031462083,0.10969390402786217,-0.4409613362325284,-0.04766528021534894,-0.32039446695048446,0.5801132194297149,0.20820595943050108,0.0
-2.299637952553868,-0.3522030502705641,0.06615649993498846,0.035356276373704865,0.10837535001671472,0.061565864114964286,0.776950691432533,-0.080277827826022,-0.08199745016049464,1.085624062691438,-0.11213519073909911,0.0
0.5654447966481655,-0.6643662596745109,-1.6472011138659706,-1.4360263204439807,0.9020261275671303,0.6811325386252134,-0.24308919520057393,-0.44397973215274833,-0.9366015158314089,0.022285167312107335,-0.49151221682778845,0.0
1.3132925343530377,-0.19410015182881696,0.6358676092467261,-2.2858308145982735,-1.339741584326145,1.266514496532633,0.6753234669458877,0.09693000248451175,-0.283671872750322,0.5719164343250376,0.012756699587035236,0.0
0.3752313930141225,1.437821504106772,0.7622832055992771,-1.822511953273225,-0.5993981508746523,0.19030849122160232,-0.38461814234336633,-0.1826038618636757,0.2040584290709132,-0.8644661455306346,0.735356742383285,0.0
-0.5336713446629266,0.13478399701146818,-0.4778375860118389,-0.5262957253138343,-0.6817567015503957,0.05817490599944147,-0.23363586677204917,0.8493512408366864,-0.32419478131500284,-0.7217120646266943,0.7682240170858512,1.0
-1.0577054896567153,-0.47464027369082806,-0.7202922826158039,0.08648901935381745,0.253006141154178,-0.27542716349960245,1.3492606390220498,-0.03431260918888929,-0.18661296338382038,0.7668688558881123,-0.08080201309282109,0.0
0.4488169582076961,1.6395094587320478,-1.2391591115490879,-0.3787823772791603,0.9598387974021404,-0.40356882785751597,0.6212786019588811,-0.5964677577811868,-0.11492218757071748,-0.6506333620460902,0.37402169631882154,3.0
-0.48979952774383867,1.2086659722520046,1.0449322950587432,-0.47661287863433854,-0.08231127393617813,0.6777542078811494,-0.09746114921475535,-0.18183115612105383,-0.7528467373154177,0.15118590513709107,-0.09751259543083562,0.0
-2.1820771054557064,-0.17141772316102932,-0.07205065786288276,0.01319409181722589,0.1274188422384042,0.07592756179378082,0.47073960690963457,0.4664548688187953,0.06764561891747134,-0.07303807029363396,-0.3681363647608577,0.0
2.006074579757133,-1.8165615733739324,1.3717845035308047,0.13455256504857363,-0.13903204460769028,0.6263115798817342,-0.2847194571136492,-0.7930419523733006,0.20478079370316438,0.041041515864374045,0.04316370145954512,4.0
0.3350843026041474,-0.17293173443992876,-0.12163429782797505,1.5608436225965439,-1.5019422499160637,-1.2550433261819143,0.38629150523705136,-0.005404729514194906,-0.45293051541581186,0.012904142206561303,0.04757949424607025,2.0
-0.5532796716518197,-0.7876429610534976,0.5391403919421036,-0.086303625192341,-0.29690600692807034,-0.15386940159992885,-0.6239480617803274,-0.10275345212962786,-0.19129588851552415,0.5042360940346868,-0.17506205431612085,2.0
0.8382145610223777,-0.9197396493991224,0.20706163678926895,-0.2357108480533635,0.027163905148805522,0.9222918143337522,0.9999020470112371,0.32577348965418607,0.16702250077576253,0.11070565632148993,0.10474814179710393,2.0
-1.8232741303104252,0.5708041922719858,1.3386865738353837,0.49494068652358025,0.527779844867652,-1.198850051842946,-0.6620247301958454,0.5358355694151907,-0.34521868933240846,0.16302177306476107,-0.20084110974213176,1.0
-1.9125660876416926,-0.8240123069242279,0.7147854223944897,-0.4954203231228971,-0.0035159884226018887,-0.4576841801914661,0.830295255927997,0.4042344334840169,0.04160129310263094,-0.21759828866570963,-0.36173672734258056,0.0
1.2631055629810257,-0.6214249613754164,0.726784031523434,-0.22375431323496273,0.16155392770552238,-0.026634883333111536,-0.8740686319005492,0.01269835868119043,0.2685037685123165,-0.3863751164699762,-0.38430485655863816,1.0
1.3776297280705148,0.4636473642604703,1.7036362185433693,-0.4469536182269386,-0.7425851077826396,0.48887040989256964,-0.5149147384403094,-0.6078271869439497,0.048951994704475865,-0.6704704868220561,-0.09598666326034216,0.0
1.695427055355593,-0.2591329691635028,-0.5943181101525704,1.3259391946091916,0.1327547010792116,-1.633219043599698,0.46414143018970966,0.6119917805995808,-0.4040871777518096,0.13707368556899874,0.09481907287890151,2.0
0.6670638064568901,-1.8406878399368956,0.11623837232165711,-1.7573436464024554,-0.9868339435437877,1.4844324605596506,-0.48027721190201766,-0.5950735423240769,-0.6895180916442706,0.6143163216143126,0.028122690487271895,0.0
0.15024773987637352,-0.1147206204762431,0.11568347443621207,-0.7722079892699251,1.6737994181968796,0.3724227682445734,0.10519833408286289,0.11187160941253774,-0.46038925871112857,-0.26811634091002123,0.052080130045997736,1.0
0.5320142160479424,1.2957281188492713,1.816171481175165,-1.0093251580058,-0.29940476108290404,-0.1813523845113802,-0.5116936374832735,0.30707041179722716,0.7129176435367078,0.37899303577649807,0.6918722795488987,0.0
0.5433214688373915,1.5528713622034207,-0.22751003993198352,-1.1880545166117982,0.046270648161256284,0.26995841642171237,0.6242843658133967,-0.3444216674486641,0.5134953372723544,0.7147727586861468,-0.006014045345266783,0.0
-1.7186795448359418,-0.1280285729668531,0.6162776405682326,0.010509819815762489,-0.31617756474340664,-0.8275387666526173,1.3275557713113613,-0.026847049621795793,-0.15104576937764247,0.8465945848771506,-0.0727144903601245,0.0
-0.35257100073057046,1.1453484995538532,0.7564516952609303,-0.8954795817914906,0.8721225403223553,-0.36713393069525563,-0.07961783085309193,-0.3437860010230015,0.17087175782543806,-0.6694004804261604,0.6901144218293311,1.0
-0.06340118726824667,-0.763737787670374,0.2894243700185809,-1.0934868326887044,-0.8909399006206272,-0.05204247158423092,-0.009518727651127379,-0.4957833067046249,-0.6923732546726116,0.6448820208813668,0.020169325453961773,0.0
1.4282877203003363,-0.33584233189399126,-1.4435876473949896,1.8696328802318136,-0.5816416611629799,0.6122338615712581,-0.5666456454533103,0.6139683365807044,-0.3208902477257184,0.29410511579411275,0.10750165120191019,2.0
-1.9806751014125052,0.6951344893189247,0.09510798281424422,0.11956917096032685,0.20815049823047652,0.16172611061520917,0.3074699269135647,0.5320187443273737,0.04003643489797004,0.021831962571272456,-0.34925429281181475,0.0
1.0265917837209253,-1.3607446028339352,0.24058377771786918,0.11501694940461696,-0.20701942042693447,-0.14516535953450055,-0.1493672457585633,0.004190934442957289,-0.6806738707516757,0.7666368229089846,-0.15158681469245655,3.0
-2.856679855710888,-0.6978475546870343,0.43382721792640067,0.3516228806730468,0.5229120089971377,-0.5631755442379709,0.18133288241130113,-0.005893053804244014,-0.4283755054638105,-0.45572954283183814,0.5981692527305664,0.0
-5.157165340224923e-05,0.3766888801852868,0.7406441441401042,-1.1868573549013928,0.8622931070370842,-0.3316558388601399,-0.904565947479473,0.5911234844875325,-0.40583404275866464,0.0513169869834908,-0.1858274259992111,2.0
2.645819878001745,-0.6723002130928097,-1.2649469915738785,2.150420705559303,1.2342193861460826,1.2738284986266497,0.4796095903622061,-0.26060641543457796,-1.006554381476932,-1.0341308797062714,-0.2306898799095625,4.0
2.3126550798700234,0.33984669786029753,1.7540285175250447,0.3703104317453527,0.9959165006070426,-0.42462663046939214,0.2639368514520817,-1.1453974386585548,-0.13531458842670463,0.507990178073968,-0.24481389373304727,2.0
0.4107582674416366,-0.5389292853324344,-0.6332120688198789,-0.824732254820633,1.169979194949888,-0.1782011027589278,0.13941157912845248,0.6363540120960506,-0.23512641481970198,0.10883690037185217,1.2043901244216155,0.0
-1.121550889289919,0.28198217892060407,0.2070007145220808,-0.7088539046458715,0.02951596355094973,0.11776647443290716,-0.6997574869222553,0.22323203673140954,0.4773953266732608,-0.5763888688428529,0.7475359123520928,0.0
-1.4938204071095063,0.3080816762851452,-0.30121305818160526,-0.5321116715209064,-0.02374416952592035,0.6385113062346085,-0.40958026514543966,0.18420300415576416,-0.4799054600466164,-0.7326221259167989,0.5185942211743049,0.0
0.4700307773572741,0.5972003067130291,1.2323639328045402,-1.2475731603593665,-0.42042351330025396,0.5991626429684604,-0.16492925238134581,0.5569169431366124,1.0757641516204015,0.4988122863211146,0.2939583230094362,1.0
-0.5315508590840635,1.7255279166533444,-0.6269591630725048,0.8318342078511095,-0.6798693221845296,0.6039539636421374,0.20642976375838884,-0.11178448598162428,-0.944179721592197,-0.3730657302976723,0.5359813998274718,0.0
-0.4462054856474019,-2.203353840994486,1.1137243733627376,1.048229487172976,-0.3836125832288988,0.32254312941033014,-0.2918883675125826,-0.34282495207206576,-0.636811477293469,-0.6351300280325307,-0.598374496566501,2.0
2.4116759987045655,-1.244771684807807,1.1824952231475303,0.6660706876266945,1.1340141697429418,0.9063017378106621,-0.7367034813166452,-0.19350753386839334,0.10119295439286546,-0.41753159727333206,-0.336762720379755,2.0
-0.09553301193886388,-0.6847231424683246,-0.14317799050919963,-1.5541696708475952,-0.9144914084413277,-0.013033111255671193,-0.5922574372299564,-0.3920341544443261,-0.6252202697355863,0.8687374964871613,-0.2865635793311582,1.0
-2.859655963856425,-0.8962972586032295,0.6797051717564316,-0.2186827406485284,0.808520992162544,0.02302726739025268,-0.2093780272291259,-0.05433557523121005,-0.40405619363348716,-0.2994413722252844,0.58207225850778,0.0
2.452033888720333,-0.9722226095441026,1.2549511688396409,-1.6960906561359406,0.28934105467248494,-1.6559055983499453,0.9155610519152233,-0.6624879342179817,0.30024492703618055,-0.40289176776641017,0.1942197258108806,3.0
0.4468331978658899,-0.16723711238349281,0.14681875333120267,-0.7956029321479311,-1.2843573513458255,-1.0135884486583704,-0.3174910921573211,0.26443528035236774,-0.5261015238586907,0.764245403507601,-0.1557458072375884,1.0
-0.6226191692241412,-1.052430444659863,-0.7832218068571709,0.7660057069984275,-1.006977513038088,-0.2337169442436336,0.3530677134925926,0.7440155611899658,0.03756151178280476,0.07619013924265788,0.6332616475188262,1.0
2.566185127758105,-0.8854241806920303,1.0806888192945903,-0.09071023010218135,1.0815071150309796,0.9920063434129296,-0.3481378035204813,0.3865703019160812,-0.32898831760736463,0.3185572596521343,0.2618572070802892,2.0
0.9056044638415863,-2.36682553730134,0.7851594431209573,-1.1883881402683907,-0.03392155135971102,-0.5951073823810935,-0.390816119809565,0.39605606536429216,-0.2234102920851201,0.3941376768814457,0.01578138405701092,3.0
-0.7772437567607553,0.6927786983310192,-0.29189669760305237,-0.6567255442728539,0.7924813169556518,0.27346952990153167,-0.04628255287168748,-0.8748889449190769,0.08214652369929487,0.5114264113966491,0.9219325565845307,1.0
-2.030800952828641,-0.4557990023719716,0.9584574333087731,-0.08074872400761221,1.4207301726137453,-0.664441414794656,0.8647784230364822,0.31419240304389306,-0.01930857018323262,0.0339780097507128,-0.3834767712787843,0.0
